LP,NOM_CONTACT,PRENOM_CONTACT,GENDER,IBAN,EMAIL,BIRTH_DATE
CUSHMAN & WAKEFIELD,Giraud,Inès,Female,FR2092558515705998202788482,inès.giraud@cushmanwakefield.com,1928-04-30
JLL,Lévêque,Honoré,Male,FR6561716562231097053111596,honoré.lévêque@jll.com,1948-02-12
BPCE SOLUTIONS IMMOBILIÈRES,Leconte,Caroline,Male,FR0320089158718274339686621,caroline.leconte@bpcesolutionsimmobilières.com,1968-12-10
SAVILLS,Collin,Valérie,Female,FR7134976674119328348196104,valérie.collin@savills.com,1963-09-23
CATELLA VALUATION,Millet,Susanne,Female,FR1423841031098573587579249,susanne.millet@catellavaluation.com,1940-05-23
COLLIERS FRANCE,Chauveau,Anne,Male,FR3369274355019241947414553,anne.chauveau@colliersfrance.com,1958-09-17
COLOMER EXPERTISES,Schmitt,Hugues,Male,FR0937999480951097183453140,hugues.schmitt@colomerexpertises.com,1967-07-22
EXPERTISES GALTIER,Pons,Sébastien,Male,FR9415820695511225078606250,sébastien.pons@expertisesgaltier.com,1944-12-05
KNIGHT FRANK,Perrier,Pauline,Male,FR8451697385377212995840794,pauline.perrier@knightfrank.com,1942-06-16
KPMG,Cordier,Aurore,Female,FR6803301571384273402201499,aurore.cordier@kpmg.com,1933-01-09
MARC-OLIVIER PETIT EXPERTISES,Boucher,Nath,Male,FR3783897003417071923024001,nath.boucher@marc-olivierpetitexpertises.com,1940-06-01
VIF EXPERTISE,Brunel,Claudine,Female,FR5541757243643325062412097,claudine.brunel@vifexpertise.com,1951-05-04
CABINET MAIGNÉ-GABORIT & GARRAUD,Guillon,Renée,Female,FR9551793517663759022665643,renée.guillon@cabinetmaigné-gaboritgarraud.com,1934-03-19
CEI - CONSEIL EVALUATIONS IMMOBILIÈRES,Mathieu,Alex,Female,FR7656504442007764624539318,alex.mathieu@cei-conseilevaluationsimmobilières.com,1945-06-25
DAXTER,Normand,Frédérique,Male,FR4766643061470895061552168,frédérique.normand@daxter.com,1947-06-28
DELOITTE,Nguyen,Virginie,Male,FR6277025359819046538594861,virginie.nguyen@deloitte.com,1966-10-12
FRÉRAULT EXPERTISES,Toussaint,Théophile,Female,FR3836601809468338760657187,théophile.toussaint@fréraultexpertises.com,1931-12-13
QUADRAL EXPERTISE,Antoine,Valérie,Female,FR1667373537025847071186144,valérie.antoine@quadralexpertise.com,1965-05-25
ROBINE & ASSOCIÉS,Hamel,Isaac,Male,FR6729016815610784565123204,isaac.hamel@robineassociés.com,1941-10-06
SAINSARD EXPERTS,Jean,Claire,Male,FR7317239632468256189921748,claire.jean@sainsardexperts.com,1954-08-26
B&E PARTNERS,Rossi,Charles,Female,FR1988594574787036820971113,charles.rossi@bepartners.com,1926-10-23
CABINET ROUX,Guyon,Alfred,Male,FR0839710674466999534076725,alfred.guyon@cabinetroux.com,1947-03-29
FIDAL,Peron,Renée,Female,FR2551314301051953528286597,renée.peron@fidal.com,1934-12-04
IFC EXPERTISE,Sauvage,Henri,Male,FR6522383514512750839315373,henri.sauvage@ifcexpertise.com,1963-08-31
LH & ASSOCIÉS,Pottier,Franck,Male,FR6559921959090367860513098,franck.pottier@lhassociés.com,1968-08-09
INTUITAE,Guillaume,Anouk,Female,FR7948587156234604809637458,anouk.guillaume@intuitae.com,1964-09-09
KEEPERS,Lenoir,Simone,Male,FR1899067715817949566526052,simone.lenoir@keepers.com,1946-03-28
LETUS PRIVATE OFFICE,Carlier,Diane,Male,FR2063146796199550954830526,diane.carlier@letusprivateoffice.com,1961-04-25
MJ & CIE,Moulin,Alexandria,Female,FR1335983211173172900235564,alexandria.moulin@mjcie.com,1944-03-27
EVEN FO,Delahaye,Julien,Male,FR0490671745849909410409184,julien.delahaye@evenfo.com,1949-05-30
OCTAVE FAMILY OFFICE,Pottier,Alexandria,Male,FR8930152102568498087816204,alexandria.pottier@octavefamilyoffice.com,1966-10-24
B DURAND CAPITAL PARTNERS,Dubois,Augustin,Female,FR1934912437799587377483510,augustin.dubois@bdurandcapitalpartners.com,1954-05-22
COLISÉE FAMILY OFFICE,Vaillant,Denis,Male,FR9443296505734873000771037,denis.vaillant@coliséefamilyoffice.com,1923-10-07
FLUENCE,Besson,Georges,Male,FR6677681583948030607538829,georges.besson@fluence.com,1930-12-16
KERMONY OFFICE,Marchal,Jacqueline,Female,FR7848405423683633237867340,jacqueline.marchal@kermonyoffice.com,1931-04-17
MAISON LAPLACE,Foucher,Alexandria,Female,FR6874432369523875553422901,alexandria.foucher@maisonlaplace.com,1963-05-03
MEESCHAERT FAMILY OFFICE,Chauveau,Paul,Female,FR8405426283189911492168493,paul.chauveau@meeschaertfamilyoffice.com,1944-05-29
ATHOS PATRIMOINE,Colin,Paul,Female,FR3586316046698145406881001,paul.colin@athospatrimoine.com,1940-07-25
HÂPYFEW,Vaillant,Émilie,Female,FR9019231405309291101262597,émilie.vaillant@hâpyfew.com,1966-10-15
IMANI & YOU,Lelièvre,Paulette,Male,FR5410940107267711296553916,paulette.lelièvre@imaniyou.com,1945-01-18
XELIS FAMILY OFFICE,Bouchet,Frédéric,Female,FR1611407490398021143403062,frédéric.bouchet@xelisfamilyoffice.com,1943-08-12
EXPERTS EN PATRIMOINE,Blot,Caroline,Female,FR8852983982548311715842875,caroline.blot@expertsenpatrimoine.com,1944-11-12
EVFO,Brun,Suzanne,Male,FR3949467833718629899131858,suzanne.brun@evfo.com,1940-04-09
MILLENIUM GESTION PRIVÉE,Bouchet,Frédéric,Male,FR0202103897058055300476014,frédéric.bouchet@milleniumgestionprivée.com,1927-10-05
OMEGA PATRIMOINE,Le Goff,Monique,Male,FR3827576631286313281164248,monique.le goff@omegapatrimoine.com,1925-01-23
ALTRIDE FAMILY OFFICE,Gimenez,Matthieu,Male,FR0662834692886727233441230,matthieu.gimenez@altridefamilyoffice.com,1956-11-14
Swiss Life,Grégoire,Alexandre,Female,FR6385996688471693548523166,alexandre.grégoire@swisslife.com,1949-12-23
UNOFI,Pinto,Zacharie,Male,FR0481972576106096085158961,zacharie.pinto@unofi.com,1926-05-15
Acer Finance,Julien,Corinne,Female,FR1542020986518086880453801,corinne.julien@acerfinance.com,1924-04-11
Aramis Finance,Roy,Diane,Male,FR1901656193052821569892852,diane.roy@aramisfinance.com,1926-08-25
Pinou Capital,Laurent,Claude,Female,FR9808784069845212200248884,claude.laurent@pinoucapital.com,1943-01-13
BNP PARIBAS REAL ESTATE,Henry,Caroline,Male,FR5059061150397839947617786,caroline.henry@bnpparibasrealestate.com,1955-04-04
MARTINS & ASSOCIÉS,Ramos,Lucie,Female,FR8675596004991646860088306,lucie.ramos@martinsassociés.com,1958-06-17
PWC,Grenier,Audrey,Female,FR6477151798514383183937394,audrey.grenier@pwc.com,1957-10-26
WÜEST PARTNER FRANCE,Grenier,Bernadette,Female,FR1310098817413776452640956,bernadette.grenier@wüestpartnerfrance.com,1933-07-13
AGAMI FAMILY OFFICE,Lejeune,Élisabeth,Female,FR0527088552466524891317604,élisabeth.lejeune@agamifamilyoffice.com,1955-06-01
FAMILY PARTNERS,Descamps,Suzanne,Male,FR5216252055466745250943362,suzanne.descamps@familypartners.com,1948-12-05
IVESTA FAMILY OFFICE,Legendre,Josette,Male,FR8252394643504385481328259,josette.legendre@ivestafamilyoffice.com,1971-02-05
ALTHEO PARTNERS,Weiss,Pénélope,Male,FR1473737958741334715337601,pénélope.weiss@altheopartners.com,1934-08-02
KIMPA,Paris,Antoinette,Male,FR5968640720938857061842473,antoinette.paris@kimpa.com,1973-01-21
ARAMIS FINANCE,Blondel,Alexandre,Male,FR0780179593249102776546042,alexandre.blondel@aramisfinance.com,1947-07-18
BEELONG FAMILY OFFICE,Thomas,Isabelle,Female,FR6122989033601016737107566,isabelle.thomas@beelongfamilyoffice.com,1928-08-24
HEREST,Lefort,Théodore,Female,FR8507224899982665794293985,théodore.lefort@herest.com,1941-04-17
SAGIS ASSET MANAGEMENT,Étienne,Marianne,Female,FR3706932306055886389349957,marianne.étienne@sagisassetmanagement.com,1931-02-25
OFFICIUM ASSET MANAGEMENT,Verdier,Constance,Female,FR6088955625756535227499367,constance.verdier@officiumassetmanagement.com,1926-01-22
INKIPIT FINANCE,Lemaître,Inès,Female,FR0488931486679403247802714,inès.lemaître@inkipitfinance.com,1945-02-05
PULSE,Blanc,Marcel,Male,FR8502187708018216738818567,marcel.blanc@pulse.com,1971-04-16
G CONSULT FINANCES,Chauveau,Lucas,Male,FR4293599272231974118311497,lucas.chauveau@gconsultfinances.com,1958-08-31
MARQUIS FAMILY OFFICE,Maréchal,Jacques,Male,FR7529332010211232984255954,jacques.maréchal@marquisfamilyoffice.com,1969-03-08
MY FAMILY OFFICER,Brunet,Daniel,Female,FR4617477950888978554110726,daniel.brunet@myfamilyofficer.com,1973-03-25
NEOWISE,Gilles,Christine,Male,FR7233642211314677462813607,christine.gilles@neowise.com,1937-07-14
PEMBROKE FAMILY OFFICE,Valette,Élodie,Male,FR3060258728354403502423315,élodie.valette@pembrokefamilyoffice.com,1951-07-25
VAULT,Lemaître,Michelle,Female,FR2063143672213943534331094,michelle.lemaître@vault.com,1923-02-22
VIGIFINANCE,Mary,Marcelle,Male,FR8033857536125873219299782,marcelle.mary@vigifinance.com,1934-08-16
ANTIUM FRANCE,Schmitt,Roland,Female,FR7332470214242038687173526,roland.schmitt@antiumfrance.com,1958-09-04
COHAESIA FAMILY OFFICE,Lagarde,Jacques,Female,FR3718350686294337316701578,jacques.lagarde@cohaesiafamilyoffice.com,1943-07-28
EUKRATOS,Gilbert,Diane,Female,FR7578655229180589230810794,diane.gilbert@eukratos.com,1939-11-12
FAIR-E,Delattre,David,Male,FR1317882867259062426489701,david.delattre@fair-e.com,1932-10-07
FAMILIANCE,Guyon,Arnaude,Male,FR9429086424810513067302913,arnaude.guyon@familiance.com,1966-05-28
FAMILITY,Rivière,Jacqueline,Male,FR0482521742981907751020017,jacqueline.rivière@famility.com,1973-10-03
LA FONTAINE FAMILY OFFICE,Courtois,Laure,Male,FR2882723088256333432113943,laure.courtois@lafontainefamilyoffice.com,1960-09-05
LEVY CAPITAL,Legros,Susan,Male,FR9136145430613190568783477,susan.legros@levycapital.com,1930-02-20
GROUPAMA,Gomez,Pénélope,Male,FR1565550999418303828240648,pénélope.gomez@groupama.com,1974-03-09
La Banque Postale,Rémy,Daniel,Female,FR1817048261089008709227239,daniel.rémy@labanquepostale.com,1929-05-09
MACIF,Joseph,Anaïs,Female,FR3429972474936314198086928,anaïs.joseph@macif.com,1964-06-29
Cheval Blanc Patrimoine,Fleury,Chantal,Male,FR1542252103422681003311969,chantal.fleury@chevalblancpatrimoine.com,1953-11-22
Agami Family Office,Pruvost,Nath,Male,FR8311911195167555073437048,nath.pruvost@agamifamilyoffice.com,1931-09-01
Aglaé Ventures,Delattre,Luce,Female,FR8978342333800272070139787,luce.delattre@aglaéventures.com,1967-10-02
BM Family Office,Gauthier,Julien,Female,FR6959949334174863210506821,julien.gauthier@bmfamilyoffice.com,1970-05-15
Jaïna Capital,Philippe,Thibaut,Female,FR3187714385324162654624394,thibaut.philippe@jaïnacapital.com,1934-08-29
Kima Ventures,Pichon,Édouard,Female,FR3161533918476864955361163,édouard.pichon@kimaventures.com,1965-07-24
La Financière Saint James,Gosselin,Geneviève,Female,FR4403673209790055227654966,geneviève.gosselin@lafinancièresaintjames.com,1930-10-30
MJ & Cie,Louis,Alice,Male,FR5775192757348159709958387,alice.louis@mjcie.com,1955-12-10
Otium Capital,Delmas,Daniel,Female,FR8741095921368174444980641,daniel.delmas@otiumcapital.com,1945-11-05
Sycomore Family Office,Dupont,Jérôme,Male,FR5645716146322065157130456,jérôme.dupont@sycomorefamilyoffice.com,1952-08-28
ZTP,Chauvet,Frédéric,Male,FR9488572254509644613933625,frédéric.chauvet@ztp.com,1927-03-28
CHEVAL BLANC PATRIMOINE,Buisson,Nath,Female,FR5714198235710994013373592,nath.buisson@chevalblancpatrimoine.com,1934-09-09
Artémis,Morel,Nicole,Female,FR9849947141664802628093572,nicole.morel@artémis.com,1936-10-14
Evolem,Jacquot,Clémence,Male,FR4094882449574115486837521,clémence.jacquot@evolem.com,1951-02-14
SGPA,Boutin,David,Female,FR6745429481442631802701795,david.boutin@sgpa.com,1949-02-28
MARTEL EXPERTISES,Gomez,Joseph,Male,FR1174644303628679098098233,joseph.gomez@martelexpertises.com,1948-04-24
FOBS,Lemaire,Corinne,Male,FR4960957523264797995782728,corinne.lemaire@fobs.com,1933-03-30
LEONE KAPITAL,Leroux,Aurore,Female,FR0429738065373839438747924,aurore.leroux@leonekapital.com,1962-06-21
DOXANS,Guichard,Agathe,Female,FR8583185260659585466591688,agathe.guichard@doxans.com,1924-01-13
FAMILLE & VALEURS,Duhamel,Christophe,Female,FR6859965384829349832538415,christophe.duhamel@famillevaleurs.com,1937-09-11
FINANCIÈRE DIOCLÈS,Laurent,Victor,Female,FR4711223121847080497154800,victor.laurent@financièredioclès.com,1972-09-18
AXA,Evrard,Tristan,Female,FR5021360292506363243186561,tristan.evrard@axa.com,1957-10-22
AG2R,Perrin,Odette,Female,FR3027916124636160730050367,odette.perrin@ag2r.com,1930-11-19
HSBC Private Wealth Solutions,Giraud,Gilbert,Female,FR8212008211004748215452142,gilbert.giraud@hsbcprivatewealthsolutions.com,1970-08-07
Creadev,Thibault,Alexandria,Male,FR2453498677512394717189944,alexandria.thibault@creadev.com,1923-05-13
